,Gender,Age,Education_Level,Institution_Type,IT_Student,Location,Load_shedding,Financial_Condition,Internet_Type,Network_Type,Class_Duration,Self_Lms,Device,Adaptivity_Level
0,0,3,2,1,0,1,1,0,1,2,2,0,2,2
1,1,3,2,1,0,1,0,0,0,2,1,1,1,2
2,1,2,0,0,0,1,1,0,1,2,1,0,1,2
3,1,1,1,1,0,1,1,0,0,2,1,0,1,2
4,1,2,1,1,0,1,1,1,0,1,0,0,1,1
5,0,1,1,1,0,1,1,1,0,1,1,0,1,1
6,0,1,1,1,0,1,1,0,1,2,0,0,1,1
7,0,1,1,1,0,1,1,0,1,2,1,0,1,2
8,0,2,0,0,0,1,1,0,1,2,1,0,1,1
9,0,1,1,1,0,1,1,0,0,1,1,0,1,2
10,1,2,2,0,0,1,1,0,1,2,1,0,1,1
11,1,2,0,1,0,1,1,0,1,2,1,0,1,1
12,0,1,1,1,1,1,1,0,0,1,1,0,1,2
13,1,2,0,1,0,0,1,0,1,2,1,0,1,1
14,1,1,1,1,0,1,1,1,0,1,1,0,1,2
15,0,1,1,1,0,1,0,1,1,2,1,0,1,1
16,1,4,2,0,1,1,1,1,0,2,0,0,0,1
17,1,3,2,0,0,0,1,0,1,2,1,0,1,1
18,1,2,0,1,0,1,0,0,1,2,1,0,1,1
19,1,2,0,1,0,1,0,0,1,2,2,0,1,2
20,1,5,1,1,0,1,1,2,1,2,1,0,1,0
21,0,5,1,0,0,1,1,0,0,2,0,0,1,1
22,1,2,0,1,0,0,1,0,0,1,2,1,1,1
23,1,1,1,1,0,1,1,0,0,1,1,0,1,2
24,0,2,0,0,0,1,1,0,1,2,2,0,1,2
25,0,1,1,1,0,1,1,0,0,2,1,0,1,2
26,1,0,1,1,0,1,1,0,0,2,1,0,1,2
27,0,4,2,1,1,1,1,0,1,2,2,0,0,2
28,1,0,1,1,0,1,1,0,0,2,1,0,1,2
29,1,2,0,1,0,1,0,0,1,2,2,0,1,2
30,1,5,1,1,0,1,1,0,0,1,1,0,1,2
31,1,2,0,1,0,0,1,0,0,2,1,0,1,1
32,0,3,2,1,1,1,1,0,0,2,1,0,1,2
33,1,2,0,1,0,1,1,0,1,2,1,0,1,2
34,0,1,1,1,0,1,1,1,0,1,1,0,1,1
35,1,3,2,1,1,1,1,0,1,1,2,1,1,2
36,1,3,0,0,1,1,1,0,0,2,1,0,1,2
37,1,5,1,1,0,1,1,1,0,1,1,0,1,0
38,1,4,2,0,0,0,1,1,0,2,1,0,1,1
39,1,1,1,0,0,1,1,0,1,1,1,0,1,1
40,0,3,2,1,0,1,1,0,1,2,2,1,0,2
41,1,3,2,1,1,1,1,0,1,2,1,1,1,2
42,1,2,1,1,0,1,1,1,0,1,0,0,1,1
43,0,1,1,1,0,1,1,0,0,2,1,0,1,2
44,0,3,2,1,1,1,1,0,1,1,2,1,0,1
45,0,3,2,1,1,1,1,0,1,2,1,0,0,2
46,1,0,1,1,0,1,1,1,0,2,1,0,1,2
47,1,1,1,1,0,1,1,0,0,1,1,0,1,2
48,0,1,1,1,0,1,1,0,0,2,1,0,1,2
49,0,3,2,1,1,1,1,0,1,1,2,1,0,1
50,0,2,0,0,0,1,1,0,1,2,1,0,1,1
51,1,1,1,1,0,1,1,0,0,2,1,0,1,2
52,0,3,2,1,1,1,0,0,0,1,2,1,1,2
53,0,4,2,0,1,0,1,1,0,2,1,0,1,2
54,0,0,1,1,0,1,1,1,0,2,1,0,1,1
55,1,0,1,1,0,1,1,0,0,2,1,0,1,2
56,0,3,2,0,0,1,1,0,0,2,0,0,1,1
57,1,2,2,1,1,1,1,0,0,1,1,0,1,1
58,1,1,1,1,0,0,0,0,0,1,0,0,1,1
59,0,2,1,0,0,0,1,1,0,1,0,0,1,1
60,0,3,2,1,0,1,1,0,1,2,2,0,1,2
61,0,3,0,0,0,0,1,0,0,2,0,0,1,1
62,1,2,0,1,0,1,1,0,0,1,1,1,1,2
63,0,1,1,1,1,1,1,0,0,2,1,0,1,2
64,0,1,1,1,0,1,0,1,1,2,1,0,1,1
65,0,4,2,0,0,0,1,0,0,2,1,0,1,0
66,0,1,1,1,0,1,1,0,0,1,1,0,1,2
67,1,5,1,0,0,0,1,0,0,1,0,0,1,1
68,1,1,1,0,0,1,1,0,1,2,1,0,1,1
69,0,1,1,1,1,1,1,0,0,2,1,0,1,2
70,0,3,0,0,0,0,0,1,0,1,1,1,1,1
71,1,2,0,0,0,0,1,0,0,2,0,0,1,1
72,0,3,2,0,0,1,1,0,0,2,0,0,1,1
73,1,1,1,1,0,1,1,1,0,1,1,0,1,1
74,0,1,1,1,1,1,1,0,0,2,1,0,1,2
75,1,5,1,1,0,1,1,0,0,0,1,0,1,1
76,1,2,0,1,0,1,1,0,0,1,1,1,1,2
77,1,3,0,0,0,0,0,0,0,2,0,0,1,1
78,1,1,1,1,0,1,1,0,0,2,2,0,1,2
79,0,1,1,1,0,1,1,0,0,2,1,0,1,2
80,0,1,1,1,0,1,1,1,0,1,1,0,1,1
81,1,1,1,1,0,1,1,0,0,2,2,0,1,2
82,0,3,2,1,1,1,1,0,1,2,1,0,0,2
83,1,1,1,0,0,0,1,0,0,1,0,0,1,1
84,1,0,1,1,0,1,1,1,0,2,1,0,1,2
85,0,1,1,1,0,1,1,0,0,1,1,0,1,2
86,0,1,1,1,0,1,1,0,0,2,1,0,1,0
87,1,3,2,1,1,1,1,0,1,2,1,1,1,2
88,0,1,1,1,0,1,0,0,1,2,1,0,1,2
89,0,4,2,0,0,0,1,1,0,2,0,0,1,1
90,0,3,2,1,0,0,1,0,0,2,1,0,1,2
91,0,3,2,1,1,1,1,0,1,2,2,1,0,2
92,0,3,2,1,1,1,1,0,1,1,2,1,0,2
93,0,3,2,1,1,1,0,1,0,1,1,1,1,1
94,1,0,1,1,0,1,1,1,0,2,1,0,1,2
95,1,2,2,1,1,1,1,0,1,2,1,0,0,2
96,0,1,1,1,0,1,1,0,0,2,1,0,1,2
97,1,1,1,0,0,0,0,1,0,0,1,0,1,1
98,0,3,2,1,1,1,1,0,1,2,1,1,1,2
99,0,2,0,0,0,1,1,0,1,2,1,0,1,1
100,0,1,1,1,0,1,1,0,1,2,0,0,1,1
101,1,1,1,1,0,1,1,0,1,2,1,0,0,2
102,1,2,0,1,0,0,0,0,0,1,0,0,1,1
103,0,1,1,1,1,1,1,0,0,2,1,0,1,2
104,1,0,1,1,0,1,1,1,1,2,1,0,1,2
105,0,1,1,0,0,1,1,0,1,2,1,0,0,2
106,1,1,1,1,0,1,1,0,0,1,1,0,1,2
107,1,1,1,1,0,1,1,0,1,2,1,0,0,2
108,0,3,2,1,0,1,1,0,1,2,2,0,2,2
109,1,3,2,1,0,1,1,0,1,1,1,1,1,0
110,0,5,1,0,0,1,1,0,0,2,0,0,1,1
111,1,2,0,1,0,1,1,0,1,2,1,0,1,1
112,0,1,1,0,0,0,1,0,0,1,0,0,1,1
113,0,3,2,1,1,1,0,1,0,1,1,1,1,2
114,1,2,0,1,0,1,1,0,1,2,2,0,1,2
115,0,3,2,1,0,1,1,0,1,2,2,1,0,2
116,0,4,2,0,1,1,1,0,1,2,0,0,0,1
117,0,3,2,1,1,1,0,0,1,2,2,1,0,1
118,0,2,0,0,0,0,0,1,0,1,1,0,1,2
119,1,3,2,1,1,0,1,0,0,1,1,1,1,2
120,1,2,0,1,0,1,0,0,1,2,2,0,0,2
121,1,2,1,1,0,1,1,0,1,2,1,0,1,1
122,0,1,1,1,0,1,1,0,0,2,1,0,1,2
123,0,1,1,1,0,1,1,0,0,1,1,0,1,2
124,1,2,2,1,1,1,1,0,1,2,1,1,0,2
125,1,1,1,1,0,1,1,1,0,1,1,0,1,1
126,1,3,2,0,0,1,1,0,0,2,1,0,1,1
127,0,2,0,0,0,1,1,0,1,2,2,0,1,2
128,1,1,1,0,0,1,1,0,1,2,1,0,1,1
129,0,3,2,1,1,1,1,2,1,2,1,1,0,0
130,1,3,2,1,1,1,1,0,1,1,2,1,1,2
131,0,3,2,0,1,0,0,0,0,1,1,0,1,1
132,0,3,2,1,1,0,0,0,0,1,2,1,1,0
133,0,2,0,0,0,1,1,1,0,2,1,0,1,1
134,0,3,2,1,1,1,0,0,0,1,2,1,1,2
135,0,3,2,0,1,1,1,0,1,2,2,0,0,1
136,1,2,1,1,0,1,1,1,0,1,0,0,1,1
137,1,3,2,1,0,1,1,0,0,2,1,0,1,2
138,1,0,1,1,0,1,1,1,0,2,1,0,1,2
139,1,1,1,1,0,1,1,0,0,2,1,0,1,2
140,1,1,1,1,0,1,1,1,0,1,1,0,1,1
141,0,3,2,1,1,1,0,0,0,1,2,1,1,2
142,1,1,1,1,1,1,1,0,0,1,1,0,1,2
143,1,2,0,1,0,0,1,0,0,1,1,0,1,2
144,0,3,2,0,0,0,1,1,0,1,1,0,1,1
145,0,3,2,1,0,1,1,0,1,2,2,0,0,2
146,0,3,2,1,1,1,0,1,1,1,2,0,0,2
147,0,1,1,1,0,1,1,0,1,2,0,0,1,1
148,1,3,2,1,0,1,0,1,1,2,2,0,1,1
149,1,3,2,0,0,0,1,0,0,0,1,0,1,1
150,1,0,1,1,0,1,1,1,0,2,1,0,1,2
151,0,2,0,0,0,0,1,0,1,2,1,0,1,1
152,0,1,1,1,0,1,1,2,0,2,1,0,1,0
153,0,5,1,1,0,1,1,2,1,2,1,0,1,2
154,0,3,2,1,1,1,1,0,1,2,2,0,0,1
155,0,3,2,0,1,1,1,0,0,1,1,0,0,1
156,0,0,1,1,0,1,1,1,0,2,1,0,1,1
157,0,4,2,0,1,1,1,2,1,2,1,0,0,0
158,1,0,1,1,0,1,1,0,0,2,1,0,1,2
159,0,3,2,1,1,1,0,0,0,1,1,1,0,2
160,0,3,2,1,1,1,1,0,1,1,1,1,1,1
161,0,3,2,1,1,0,0,0,0,1,2,1,1,0
162,0,2,2,0,0,0,1,1,0,2,1,0,1,2
163,0,5,1,0,0,0,1,0,0,1,0,0,1,1
164,1,2,0,0,0,0,0,1,0,2,0,0,1,1
165,1,1,1,1,0,1,1,0,0,2,1,0,1,2
166,0,3,0,0,0,0,0,1,0,1,1,1,1,1
167,0,4,2,0,0,0,1,0,0,2,1,0,1,0
168,1,1,1,1,0,1,1,0,0,2,1,0,1,2
169,0,2,0,0,1,1,1,0,0,2,1,1,1,1
170,0,3,2,1,1,1,1,0,1,1,1,1,0,2
171,1,4,2,0,0,1,1,0,1,2,1,0,1,1
172,1,2,0,1,0,1,0,0,1,2,1,0,1,1
173,0,3,2,1,1,1,1,2,1,2,1,1,0,0
174,0,1,1,0,0,1,1,0,0,2,1,0,1,2
175,0,3,2,1,1,1,1,0,1,2,2,0,0,1
176,1,1,1,1,0,1,1,1,1,1,1,0,1,2
177,0,2,0,0,1,1,1,0,0,2,1,1,1,1
178,1,2,2,1,1,1,1,0,0,1,1,0,1,1
179,1,2,1,1,0,1,1,1,0,1,0,0,1,1
180,0,1,1,0,0,1,1,0,1,2,1,0,0,2
181,0,0,1,1,0,1,1,0,1,2,1,0,1,1
182,1,0,1,1,0,1,1,0,1,2,1,0,1,2
183,1,3,2,1,0,1,1,2,1,2,2,0,0,2
184,1,2,0,1,0,1,1,0,1,2,1,0,1,1
185,0,1,1,1,0,1,1,1,0,1,1,0,1,1
186,1,1,1,1,1,1,1,0,0,1,1,0,1,2
187,1,3,2,0,0,1,1,0,0,2,1,0,1,1
188,0,1,1,1,0,1,1,0,0,2,1,0,1,2
189,0,3,2,1,0,1,1,0,1,2,2,0,2,2
190,0,1,1,1,0,1,0,1,1,2,1,0,1,1
191,0,3,2,1,1,1,0,0,0,1,2,1,1,2
192,0,3,2,1,1,1,0,0,0,1,2,1,1,2
193,0,2,1,0,0,0,1,1,0,1,0,0,1,1
194,1,2,0,0,0,0,1,0,0,2,0,0,1,1
195,0,3,2,1,1,1,1,0,1,1,1,1,1,1
196,0,2,0,0,0,1,1,1,0,2,1,0,1,1
197,0,1,1,1,1,1,1,1,0,2,1,0,1,2
198,0,1,1,1,0,1,1,0,0,1,1,0,1,2
199,1,1,1,0,0,1,1,0,1,1,1,0,1,1
200,0,5,1,0,0,1,1,0,0,2,0,0,1,1
201,0,1,1,1,0,1,1,1,0,1,1,0,1,1
202,0,1,1,1,0,1,1,1,0,1,1,0,1,1
203,0,3,2,1,1,1,1,0,1,2,1,1,1,2
204,0,1,1,1,0,1,1,1,0,1,1,0,1,1
205,0,1,1,0,0,1,1,0,1,2,1,0,1,0
206,0,4,2,1,1,1,1,0,1,2,2,0,0,2
207,0,1,1,1,0,1,1,1,0,1,1,0,1,1
208,1,4,2,0,0,1,1,0,1,2,1,0,1,1
209,1,3,2,1,1,1,0,0,1,1,2,1,1,1
210,1,1,1,0,0,0,0,1,0,0,1,0,1,1
211,1,2,1,0,0,0,1,2,0,2,1,0,1,0
212,1,2,0,0,0,0,0,0,0,1,1,0,1,1
213,1,2,0,1,0,1,0,0,1,2,2,0,0,2
214,1,3,0,0,1,1,1,0,0,2,1,0,1,2
215,0,2,1,0,0,1,1,2,0,2,1,0,1,2
216,0,1,1,1,0,1,1,0,0,2,1,0,1,2
217,1,2,1,1,0,1,1,1,0,1,0,0,1,1
218,0,3,2,1,1,1,0,1,1,1,2,0,1,1
219,0,1,1,0,0,0,1,0,0,1,0,0,1,1
220,0,3,2,1,1,1,1,0,1,1,2,1,0,2
221,0,1,1,1,0,1,1,0,0,2,2,0,1,2
222,1,1,1,1,0,1,1,0,0,1,1,0,1,2
223,0,1,1,1,0,1,1,0,0,1,1,0,1,2
224,1,3,2,1,0,0,1,0,1,2,0,0,1,1
225,1,1,1,1,1,1,1,0,0,1,1,0,1,2
226,0,3,2,1,1,1,0,0,0,1,2,1,1,2
227,0,0,1,1,0,1,1,1,0,2,1,0,1,1
228,0,1,1,1,0,1,1,0,0,1,1,0,1,2
229,1,1,1,1,0,1,1,1,0,1,1,0,1,2
230,1,1,1,1,0,1,1,1,1,1,1,0,1,2
231,1,3,2,1,1,1,1,0,1,2,1,1,1,2
232,1,2,1,1,0,1,1,0,1,2,0,0,1,1
233,0,1,1,0,0,1,1,0,1,2,1,0,1,0
234,0,3,2,1,1,0,1,0,1,2,2,1,0,2
235,0,3,2,1,1,0,0,1,0,1,2,1,1,2
236,0,3,2,1,0,1,1,0,1,2,2,0,0,2
237,1,4,2,0,0,1,1,0,0,2,0,0,1,1
238,1,3,2,1,0,1,1,0,1,0,2,0,1,2
239,0,3,2,1,1,1,1,0,1,2,1,0,1,1
240,1,3,2,0,0,1,1,0,0,2,1,0,1,1
241,0,1,1,1,0,1,1,0,0,2,1,0,1,2
242,1,1,1,0,0,1,1,2,1,2,1,0,1,2
243,1,2,0,1,0,0,0,0,1,2,2,0,1,2
244,1,1,1,1,0,0,0,0,0,1,0,0,1,1
245,1,0,1,1,0,1,1,1,1,2,1,0,1,2
246,0,3,2,1,1,1,1,0,1,1,2,1,0,2
247,0,1,1,1,0,1,1,1,0,1,1,0,1,1
248,0,3,2,1,1,1,0,0,0,1,2,1,1,2
249,0,3,2,0,1,1,1,0,0,1,1,1,1,2
250,0,3,2,1,0,1,1,0,1,2,2,0,0,2
251,1,2,0,1,0,1,0,0,1,2,1,0,1,1
252,0,2,0,0,0,0,1,0,1,2,1,0,1,1
253,0,3,2,0,0,0,1,1,0,1,1,0,1,1
254,1,1,1,1,0,1,1,1,1,1,1,0,1,2
255,0,1,1,1,0,1,1,0,0,1,1,0,1,2
256,0,2,0,0,0,1,0,0,1,2,1,0,1,2
257,1,3,2,1,0,1,1,0,0,2,1,0,1,2
258,0,1,1,1,0,1,1,1,0,1,1,0,1,1
259,0,4,2,0,1,1,1,2,1,2,1,0,1,0
260,1,1,1,1,0,1,1,1,0,1,1,0,1,1
261,0,3,2,1,1,1,1,0,0,1,2,1,1,1
262,1,2,0,1,0,1,0,0,1,2,2,0,1,2
263,0,0,1,1,0,1,1,1,0,2,1,0,1,1
264,0,2,0,0,0,1,1,0,1,2,1,0,1,1
265,1,0,1,1,0,1,1,1,1,2,1,0,1,2
266,1,2,0,0,0,1,1,0,1,2,1,0,1,2
267,1,2,2,0,0,1,1,0,1,2,1,1,1,1
268,1,2,0,1,0,1,1,0,1,2,1,0,1,2
269,0,3,2,1,0,1,1,1,0,2,1,1,1,0
270,0,1,1,1,1,1,1,0,0,2,1,0,1,2
271,0,3,2,1,0,1,1,0,1,2,2,0,1,2
272,0,1,1,0,0,1,1,0,0,2,1,0,1,2
273,1,1,1,1,0,1,1,0,0,1,1,0,1,2
274,1,5,1,1,0,1,1,0,0,0,1,0,1,1
275,0,1,1,1,0,1,1,0,0,2,1,0,1,2
276,1,2,2,1,1,1,1,0,0,1,1,0,1,1
277,1,3,2,0,0,0,1,0,0,0,1,0,1,1
278,0,3,2,1,0,0,1,1,0,2,1,1,1,1
279,0,1,1,1,0,1,1,0,0,1,1,0,1,1
280,0,4,2,0,0,0,1,1,0,2,0,0,1,1
281,1,2,0,0,0,0,1,0,0,2,0,0,1,1
282,1,3,2,1,1,1,0,0,1,2,1,0,1,1
283,0,3,2,1,1,1,0,1,1,2,1,1,0,0
284,0,3,2,1,0,0,1,0,0,2,1,1,1,2
285,0,3,0,0,1,0,1,1,0,2,0,0,1,1
286,0,3,2,1,1,1,0,0,0,1,2,1,1,2
287,0,1,1,1,0,1,1,0,1,2,0,0,1,1
288,0,1,1,1,0,1,1,0,1,2,0,0,1,1
289,0,1,1,1,0,1,1,1,0,2,1,0,1,2
290,0,1,1,1,0,1,1,0,0,2,1,0,1,2
291,0,1,1,1,0,1,1,0,1,2,1,0,1,2
292,1,0,1,1,0,1,1,0,0,2,1,0,1,2
293,1,3,2,0,0,1,1,0,0,2,1,1,1,2
294,1,0,1,0,0,1,1,2,0,2,1,1,1,1
295,0,1,1,1,0,1,1,1,0,2,1,0,1,2
296,0,3,2,1,0,1,1,2,1,2,2,0,2,0
297,1,2,0,0,0,0,0,0,0,2,1,0,1,2
298,0,1,1,1,0,1,1,0,0,2,1,0,1,2
299,0,1,1,1,0,1,1,0,1,2,1,0,1,2
300,0,3,2,1,0,1,1,2,1,2,2,0,0,0
301,0,3,2,1,1,1,0,0,0,1,2,1,1,2
302,0,0,1,1,0,1,1,0,1,2,1,0,1,1
303,1,0,1,1,0,1,1,1,0,2,1,0,1,2
304,0,3,2,0,0,0,0,1,0,2,2,0,1,2
305,1,2,1,1,0,1,1,0,1,2,1,0,0,1
306,0,2,0,0,1,1,1,0,1,2,1,1,2,2
307,0,1,1,1,0,1,1,2,0,1,1,0,1,2
308,0,3,2,1,0,1,1,0,1,2,2,0,2,2
309,0,3,2,0,1,1,1,0,0,1,1,1,1,2
310,1,0,1,1,0,1,1,1,0,2,1,0,1,2
311,1,2,0,1,0,0,1,0,1,2,1,0,1,1
312,0,1,1,1,0,1,1,1,0,1,1,0,1,2
313,0,1,1,1,0,1,0,0,1,2,1,0,1,2
314,1,2,0,1,0,1,1,0,1,2,1,0,1,2
315,1,1,1,1,0,1,1,1,0,1,1,0,1,1
316,0,3,2,1,0,1,1,0,1,2,2,0,2,2
317,1,3,2,0,0,1,1,0,1,2,0,0,1,1
318,1,2,0,1,0,1,0,0,1,2,1,0,1,1
319,1,1,1,1,0,1,1,1,0,1,1,0,1,1
320,0,1,1,1,0,1,1,2,0,1,1,0,1,2
321,0,3,2,1,0,1,1,0,0,2,0,0,1,1
322,1,0,1,1,0,1,1,0,0,2,1,0,1,2
323,1,1,1,1,0,1,1,1,0,1,1,0,1,1
324,1,2,0,1,0,0,1,0,0,1,2,1,1,1
325,0,3,2,0,1,0,0,0,0,1,1,0,1,2
326,1,0,1,1,0,1,1,1,0,2,1,0,1,2
327,0,1,1,0,0,1,1,0,1,2,1,0,1,2
328,0,3,2,1,0,0,1,0,0,2,1,0,1,2
329,1,3,0,0,0,0,0,0,0,1,0,0,1,1
330,1,1,1,1,0,1,1,0,0,1,1,0,1,2
331,0,3,2,0,1,1,1,0,1,1,1,0,1,1
332,1,3,2,1,0,1,0,1,1,2,2,0,1,1
333,1,3,2,1,1,0,1,0,0,1,1,1,1,2
334,1,2,0,1,0,1,1,0,1,2,2,0,1,2
335,0,3,2,1,1,1,1,0,1,2,1,1,1,2
336,0,3,2,1,0,1,1,0,0,2,1,0,1,1
337,0,2,0,0,0,1,1,0,1,2,1,0,1,1
338,0,1,1,1,0,1,1,0,0,2,1,0,1,2
339,1,4,2,0,0,0,1,1,0,2,0,0,1,1
340,1,0,1,1,0,1,1,0,0,2,1,0,1,2
341,1,3,0,0,1,1,1,0,0,2,1,0,1,2
342,1,1,1,1,0,1,1,0,0,2,1,0,1,2
343,0,2,1,0,0,1,1,0,1,2,1,0,1,2
344,1,3,2,1,1,1,1,0,1,1,2,1,0,1
345,0,3,2,1,1,0,0,1,0,1,1,1,1,2
346,1,4,2,0,0,1,1,0,0,2,0,0,1,1
347,0,5,1,1,0,1,1,2,1,2,1,0,1,2
348,0,1,1,1,0,1,1,1,0,1,1,0,1,1
349,0,1,1,1,0,1,1,1,0,2,2,0,1,2
350,1,0,1,1,0,1,1,1,0,2,1,0,1,2
351,1,4,2,0,0,0,1,1,0,2,0,0,1,1
352,1,2,0,1,0,1,0,0,1,2,2,0,1,2
353,0,3,2,1,0,1,1,0,1,2,2,1,0,2
354,0,1,1,1,0,1,1,0,0,2,1,0,1,2
355,0,2,0,0,1,0,1,2,1,2,0,0,1,1
356,0,2,0,0,1,1,1,0,0,2,1,0,1,2
357,1,1,1,1,0,1,1,0,0,1,1,0,1,2
358,1,5,1,1,0,1,1,0,0,1,1,0,1,2
359,0,1,1,1,0,1,1,0,0,2,1,0,1,2
360,0,1,1,1,0,1,1,0,0,1,1,0,1,2
361,1,5,1,1,0,1,1,1,0,1,1,0,1,0
362,0,3,2,1,1,1,1,0,1,2,2,0,0,1
363,0,1,1,1,0,1,1,0,0,2,1,0,1,2
364,0,3,2,1,1,1,0,1,0,1,1,1,1,1
365,0,3,2,1,0,1,1,2,1,2,2,0,0,0
366,1,2,0,0,0,1,1,0,0,1,1,0,1,1
367,1,1,1,1,0,1,1,0,0,1,1,0,1,2
368,1,2,0,0,0,1,1,0,1,1,1,0,1,2
369,1,2,1,1,0,1,1,0,1,2,1,0,1,1
370,0,2,1,0,0,1,1,0,1,2,1,0,1,2
371,0,3,2,1,1,1,0,0,0,1,2,1,1,2
372,1,2,2,0,0,1,1,0,1,2,1,1,1,1
373,0,4,2,1,1,1,1,0,1,1,1,1,1,2
374,0,3,0,0,1,1,1,0,0,2,1,0,1,2
375,1,5,1,0,0,0,1,0,0,1,0,0,1,1
376,1,1,1,1,0,0,0,0,0,1,0,0,1,1
377,0,3,2,0,1,1,1,0,0,1,1,1,1,2
378,1,0,1,1,0,1,1,1,0,2,1,0,1,2
379,1,4,2,0,0,1,1,0,1,2,1,0,1,1
380,0,1,1,1,0,1,1,0,1,2,0,0,1,1
381,0,3,2,0,0,0,1,0,0,2,0,0,1,2
382,0,1,1,1,0,1,1,0,0,1,1,0,1,1
383,0,3,2,1,1,0,1,0,1,2,2,1,0,2
384,0,2,0,0,0,1,1,0,1,1,1,1,1,2
385,0,3,2,0,1,0,0,0,0,1,1,0,1,2
386,0,1,1,1,0,1,1,0,0,1,1,0,1,2
387,0,1,1,1,0,1,0,0,1,2,1,0,1,2
388,0,4,2,1,1,1,0,1,0,1,1,1,0,2
389,1,1,1,0,0,0,1,0,0,1,0,0,1,1
390,1,2,0,1,0,1,1,0,1,2,2,0,1,0
391,1,1,1,1,0,1,1,0,0,2,1,0,1,2
392,1,2,0,1,0,0,1,0,1,2,1,0,1,1
393,1,4,2,0,0,0,1,1,0,2,1,0,1,1
394,1,2,1,1,0,1,1,0,1,2,1,0,0,1
395,0,3,2,0,1,1,1,0,0,1,1,0,1,1
396,1,3,2,1,0,0,1,0,1,2,0,0,1,1
397,0,3,2,1,1,1,1,2,1,2,2,0,1,1
398,0,3,2,1,1,1,0,1,1,2,1,1,0,0
399,1,4,2,0,0,1,1,0,1,2,0,0,1,1
400,0,2,1,0,0,1,1,0,1,2,1,0,1,2
401,0,2,0,0,0,1,1,0,1,1,1,1,1,2
402,0,4,2,0,1,1,1,0,1,2,0,0,0,1
403,0,2,0,0,0,1,0,0,1,2,1,0,1,2
404,0,3,2,1,0,1,1,0,0,2,1,0,1,1
405,1,4,2,0,0,0,1,1,0,2,1,0,1,1
406,0,3,2,1,1,1,1,0,1,2,1,1,0,0
407,1,0,1,1,0,1,1,1,0,2,1,0,1,2
408,0,1,1,1,0,1,1,0,0,2,1,0,1,2
409,0,4,2,0,1,1,1,2,1,2,1,0,1,0
410,0,3,2,1,1,1,1,2,1,2,1,1,0,0
411,0,3,2,1,1,1,0,1,1,2,1,1,0,0
412,0,3,2,1,0,1,1,0,1,2,2,0,2,2
413,1,2,0,1,0,0,1,0,1,2,1,0,1,1
414,1,0,1,1,0,1,1,0,0,2,1,0,1,2
415,0,4,2,0,1,1,1,0,1,2,0,0,0,1
416,0,2,0,0,0,0,0,0,0,1,1,0,1,1
417,0,4,2,1,1,1,1,0,1,1,1,1,1,2
418,0,2,2,0,0,1,1,0,1,1,1,1,0,2
419,1,2,2,0,0,1,1,0,1,2,1,1,1,1
420,1,1,1,1,0,1,1,0,0,1,1,0,1,2
421,1,5,1,1,0,1,1,0,0,1,1,0,1,2
422,1,1,1,1,0,1,1,0,1,2,1,0,0,2
423,1,2,0,0,0,1,1,0,0,1,1,0,1,1
424,0,0,1,1,0,1,1,0,1,2,1,0,1,1
425,1,4,2,0,0,0,1,1,0,2,0,0,1,1
426,0,3,2,1,1,1,0,0,0,1,2,1,1,2
427,0,3,2,1,1,1,1,0,1,2,1,1,0,0
428,0,1,1,1,0,1,0,0,1,2,1,0,0,1
429,0,1,1,1,0,1,1,1,0,1,1,0,1,1
430,0,3,2,0,0,0,0,1,0,2,2,0,1,2
431,1,4,2,0,1,1,1,1,0,2,0,0,0,1
432,0,1,1,1,0,1,1,0,0,2,1,0,1,0
433,1,3,2,0,0,1,1,0,0,2,1,0,1,1
434,1,3,2,1,1,0,1,0,0,1,1,1,1,2
435,1,3,2,1,1,1,0,0,1,2,1,0,1,1
436,1,4,2,0,0,1,1,0,0,2,0,0,1,1
437,1,3,2,1,0,1,1,0,1,2,2,0,2,2
438,0,1,1,1,0,1,0,1,1,2,1,0,1,1
439,1,2,0,1,0,1,1,0,0,1,1,1,1,2
440,0,3,2,1,1,1,0,0,0,1,2,1,1,2
441,0,2,0,1,0,1,1,0,1,2,1,0,1,2
442,1,4,2,0,0,1,1,0,1,2,1,0,1,1
443,0,1,1,1,0,1,1,0,0,2,1,0,1,2
444,0,1,1,1,0,1,1,1,0,1,1,0,1,1
445,1,3,2,0,0,1,1,0,0,2,1,1,1,2
446,0,3,0,0,0,1,1,0,0,2,1,0,1,1
447,1,3,2,1,0,1,1,0,1,1,1,1,1,0
448,0,3,2,1,1,1,1,2,1,2,2,0,1,1
449,1,1,1,1,0,1,1,0,0,1,1,0,1,2
450,1,1,1,1,0,1,1,1,0,2,2,0,1,2
451,1,3,2,1,1,1,1,2,1,2,2,0,0,0
452,0,0,1,0,0,0,1,0,0,2,0,0,1,1
453,1,2,1,1,0,1,1,1,0,1,0,0,1,1
454,0,3,2,0,0,0,0,1,0,2,2,0,1,2
455,1,3,2,0,0,1,1,1,0,2,0,0,1,1
456,0,1,1,1,0,1,1,0,0,2,1,0,1,2
457,0,3,2,1,1,1,1,0,1,2,1,0,1,1
458,0,3,2,0,0,0,1,1,0,1,1,0,1,1
459,0,3,2,1,1,1,0,1,1,1,2,0,0,2
460,0,1,1,1,0,1,1,0,0,2,1,0,1,2
461,0,3,2,1,0,1,1,1,0,2,1,1,1,0
462,0,3,2,1,1,0,0,0,0,1,2,1,1,0
463,0,3,2,1,0,1,1,1,0,2,1,1,1,0
464,1,1,1,1,0,1,1,2,1,1,1,0,1,0
465,0,3,2,1,1,0,1,0,0,1,1,1,0,2
466,0,3,0,0,0,0,0,1,0,1,1,1,1,1
467,0,1,1,0,0,0,1,1,0,1,0,0,1,1
468,1,2,0,0,0,1,1,0,1,2,1,0,1,2
469,0,3,2,1,1,1,1,0,1,1,1,1,1,1
470,0,3,2,1,1,0,0,1,0,1,1,1,1,2
471,0,3,2,0,0,1,1,0,0,1,1,1,1,1
472,0,1,1,0,0,0,1,1,0,1,0,0,1,1
473,0,3,2,1,0,0,1,0,1,2,0,0,1,2
474,1,2,0,1,0,0,1,0,0,1,1,0,1,2
475,0,1,1,1,0,1,1,0,1,2,1,0,1,1
476,0,3,2,1,0,1,1,1,0,2,1,1,1,0
477,1,1,1,1,0,1,1,0,0,2,1,0,1,2
478,0,1,1,1,0,1,1,0,0,1,1,0,1,1
479,0,4,2,1,0,1,1,0,1,2,1,1,1,2
480,1,2,0,0,0,1,1,0,1,1,1,0,1,2
481,0,3,2,0,0,0,0,0,0,2,1,0,1,1
482,1,1,1,1,0,1,1,1,0,1,1,0,1,1
483,0,2,0,0,0,1,0,0,0,2,1,0,1,1
484,0,3,0,0,1,1,1,0,0,2,1,0,1,2
485,0,2,1,0,0,0,1,0,1,2,1,0,1,2
486,1,3,2,1,0,1,1,0,1,2,2,0,0,2
487,0,3,2,1,1,1,0,0,0,1,1,1,0,2
488,1,3,2,1,1,1,0,0,1,2,1,0,1,1
489,1,1,1,1,0,1,1,1,1,1,1,0,1,2
490,0,3,2,1,1,1,0,1,1,2,1,1,0,0
491,0,1,1,1,0,1,1,0,0,1,1,0,1,2
492,0,2,0,0,0,1,1,1,0,1,1,0,1,1
493,1,3,2,1,1,1,1,2,1,2,2,0,0,0
494,0,3,2,0,0,1,1,0,0,2,0,0,1,1
495,1,2,0,1,0,0,1,0,1,2,1,0,1,1
496,0,1,1,0,0,0,1,0,0,1,0,0,1,1
497,0,3,2,1,1,1,1,0,1,1,1,1,1,2
498,0,3,2,1,1,1,1,0,1,2,1,0,0,2
499,0,3,2,1,1,0,1,0,1,2,2,1,0,2
500,1,2,0,1,0,0,1,0,1,2,1,0,1,1
501,1,2,0,1,0,1,0,0,1,2,1,0,1,1
502,1,2,0,1,0,1,0,0,1,2,1,0,1,1
503,0,3,2,1,1,1,1,0,1,1,2,1,0,1
504,1,2,0,0,0,0,0,1,0,2,0,0,1,1
505,0,2,0,0,0,0,0,1,0,0,1,0,1,1
506,1,5,1,1,0,1,1,2,1,2,1,0,1,0
507,0,3,2,0,0,0,1,0,0,2,0,0,1,2
508,1,2,0,1,0,0,1,0,1,2,1,0,1,1
509,1,1,1,1,0,1,1,0,0,2,1,0,1,2
510,1,2,1,1,0,1,1,0,1,2,1,0,1,1
511,1,3,2,1,0,1,1,0,1,2,2,0,2,2
512,1,2,0,1,0,1,0,0,1,2,1,0,1,1
513,1,0,1,1,0,1,1,0,0,2,1,0,1,2
514,1,1,1,0,0,0,0,1,0,0,1,0,1,1
515,1,2,0,1,0,0,1,0,0,1,1,0,1,2
516,0,3,2,0,0,1,1,0,0,2,0,0,1,1
517,0,3,2,1,1,1,1,2,1,2,1,1,0,0
518,1,3,2,1,1,1,0,0,1,2,1,0,1,1
519,0,3,2,0,0,0,1,0,0,2,1,0,1,2
520,1,2,0,0,0,1,1,0,0,1,1,0,1,1
521,1,1,1,1,0,1,1,1,0,1,1,0,1,1
522,0,1,1,0,0,0,1,0,0,1,0,0,1,1
523,1,3,2,1,1,1,1,0,1,1,2,1,1,2
524,0,3,2,1,0,1,1,0,0,2,1,0,1,1
525,1,3,2,1,0,1,1,0,1,2,2,0,2,2
526,0,3,2,1,1,1,0,0,0,1,2,1,1,2
527,0,3,2,1,1,1,1,0,1,2,1,0,0,2
528,0,2,0,0,0,1,1,0,1,2,2,0,1,2
529,1,1,1,1,0,1,1,1,0,1,1,0,1,2
530,0,3,2,1,0,1,1,0,1,2,2,0,1,2
531,1,2,0,0,0,0,1,0,0,2,1,0,1,1
532,0,3,2,0,0,1,1,0,0,2,0,0,1,1
533,0,1,1,1,0,1,1,1,0,1,1,0,1,2
534,0,2,1,0,0,1,1,0,1,2,1,0,1,2
535,0,2,2,0,0,1,1,0,1,1,1,1,0,2
536,1,1,1,1,0,1,1,0,0,2,1,0,1,2
537,0,1,1,1,0,1,1,1,0,1,1,0,1,1
538,0,1,1,1,0,1,1,0,1,2,0,0,1,1
539,1,1,1,1,0,1,1,0,0,2,1,0,1,2
540,0,2,1,0,0,1,1,0,1,2,1,0,1,2
541,1,1,1,1,0,1,1,0,0,2,1,0,1,2
542,1,0,1,1,0,1,1,0,0,2,1,0,1,2
543,1,2,0,1,0,1,1,0,1,2,1,0,1,2
544,1,1,1,1,0,1,1,0,0,2,1,0,1,2
545,1,0,1,1,0,1,1,0,0,2,1,0,1,2
546,1,5,1,1,0,1,1,1,0,1,1,0,1,0
547,0,1,1,0,0,1,1,0,1,2,1,0,1,2
548,1,2,0,1,0,1,1,0,1,2,1,0,1,1
549,0,4,2,1,1,1,0,1,0,1,1,1,0,2
550,0,3,2,1,1,1,0,0,0,1,2,1,1,2
551,1,2,0,0,0,0,1,0,0,2,1,0,1,1
552,0,2,0,1,0,1,1,0,1,2,1,0,1,2
553,1,1,1,1,0,1,1,0,0,2,1,0,1,2
554,0,3,2,1,1,0,1,0,0,1,1,1,0,2
555,1,1,1,1,1,1,1,0,0,1,1,0,1,2
556,1,4,2,0,0,0,1,1,0,2,1,0,1,1
557,1,3,2,1,0,1,1,0,1,0,2,0,1,2
558,1,3,0,0,0,0,0,0,0,1,0,0,1,1
559,1,0,1,1,0,1,1,0,0,2,1,0,1,2
560,0,5,1,1,0,1,1,2,1,2,2,0,1,0
561,1,0,1,1,0,1,1,0,1,2,1,0,1,2
562,1,1,1,1,0,1,1,0,0,2,1,0,1,2
563,0,3,2,0,0,0,1,1,0,1,1,0,1,1
564,0,3,2,0,1,0,0,0,0,1,1,0,1,1
565,0,3,2,1,1,1,1,0,1,1,1,0,0,2
566,1,4,2,0,0,1,1,0,1,2,1,0,1,1
567,0,1,1,1,0,1,1,0,0,2,1,0,1,2
568,0,2,0,0,0,0,0,1,0,1,1,0,1,2
569,0,1,1,1,0,1,1,0,0,2,2,0,1,2
570,0,4,2,1,1,0,0,0,0,1,1,0,1,2
571,0,1,1,1,0,1,1,2,0,1,1,0,1,2
572,0,3,2,1,1,1,0,1,1,2,1,1,0,0
573,0,1,1,1,0,1,1,0,0,2,1,0,1,1
574,1,2,0,1,0,0,0,0,0,1,0,0,1,1
575,0,3,2,0,0,1,1,0,0,2,0,0,1,1
576,0,1,1,1,0,1,1,0,0,1,1,0,1,1
577,0,3,2,1,1,1,1,0,1,2,1,0,1,1
578,1,3,2,1,1,1,1,0,1,1,2,1,1,2
579,0,2,0,0,0,1,1,0,1,2,2,0,1,2
580,0,3,2,0,1,1,1,0,0,1,1,0,0,1
581,0,3,2,0,1,1,1,0,1,2,2,0,0,1
582,0,2,0,0,0,0,0,1,0,0,1,0,1,1
583,0,2,0,0,1,1,1,0,0,2,1,0,1,2
584,0,3,2,1,1,1,1,0,1,2,1,1,0,0
585,1,3,2,1,1,0,0,1,1,0,2,1,2,1
586,1,1,1,1,0,1,1,1,0,1,1,0,1,1
587,1,3,2,1,0,1,1,0,1,2,2,0,0,2
588,0,3,2,1,1,1,0,1,1,1,2,0,1,1
589,0,2,0,1,0,1,1,0,1,2,1,0,1,2
590,0,2,1,0,0,1,1,2,0,2,1,0,1,2
591,1,3,2,0,0,1,1,0,0,2,1,0,1,1
592,0,4,2,0,1,1,1,2,1,2,1,0,0,0
593,0,3,2,1,1,1,1,0,1,1,2,1,0,1
594,0,1,1,1,0,1,1,0,0,2,1,0,1,2
595,0,2,0,0,1,0,1,2,1,2,0,0,1,1
596,0,4,2,1,0,1,1,0,1,2,1,1,1,2
597,0,3,2,0,0,0,0,1,0,2,2,0,1,2
598,1,1,1,1,0,1,1,1,0,2,2,0,1,2
599,1,4,2,0,0,1,1,0,1,2,1,0,1,1
600,1,0,1,0,0,1,1,2,0,2,1,1,1,1
601,1,3,2,0,0,1,1,1,0,2,0,0,1,1
602,1,3,2,1,0,1,1,2,1,2,2,0,2,2
603,1,3,0,0,0,0,0,0,0,1,0,0,1,1
604,0,3,2,0,1,0,0,0,0,1,1,0,1,2
605,0,3,2,0,0,0,0,1,0,2,2,0,1,2
606,0,1,1,0,0,1,1,0,1,2,1,0,1,0
607,1,2,0,0,0,0,1,0,0,2,0,0,1,1
608,0,1,1,1,0,1,1,0,0,1,1,0,1,2
609,0,0,1,1,0,1,1,0,1,2,1,0,1,1
610,0,1,1,1,0,1,1,0,0,2,1,0,1,1
611,1,1,1,1,0,1,1,0,0,2,1,0,1,2
612,0,3,2,1,0,1,1,0,1,2,2,0,0,2
613,0,3,2,0,0,0,0,0,1,2,0,0,1,1
614,0,1,1,1,0,1,1,1,0,1,1,0,1,1
615,1,5,1,1,0,1,1,1,0,1,1,0,1,0
616,1,0,1,1,0,1,1,0,0,2,1,0,1,2
617,1,5,1,1,0,1,1,1,0,1,1,0,1,1
618,1,3,2,0,0,1,1,1,0,2,0,0,1,1
619,0,3,2,1,0,1,1,2,1,2,2,0,0,0
620,0,1,1,1,0,1,1,0,0,2,1,0,1,0
621,1,3,2,1,1,0,1,0,0,1,1,1,1,2
622,0,3,2,1,1,1,0,0,0,1,2,1,1,2
623,1,1,1,1,1,1,1,0,0,2,1,0,1,2
624,0,0,1,1,0,1,1,1,0,2,1,0,1,1
625,0,1,1,1,0,1,0,0,1,2,1,0,0,1
626,0,2,0,0,0,1,1,0,1,2,1,0,1,1
627,0,1,1,0,0,1,1,0,1,2,1,0,1,0
628,0,5,1,1,0,1,1,2,1,2,2,0,1,0
629,0,4,2,0,0,1,1,0,1,2,1,0,1,2
630,1,1,1,1,0,1,1,1,0,1,1,0,1,2
631,1,2,0,1,0,0,0,0,1,2,2,0,1,2
632,1,3,2,1,0,1,1,0,0,2,1,0,1,2
633,1,2,2,1,1,1,1,0,0,1,1,0,1,1
634,1,3,2,0,0,1,1,0,1,1,0,1,1,1
635,0,1,1,0,0,1,1,0,0,2,1,0,1,2
636,1,4,2,0,0,1,1,0,1,2,0,0,1,1
637,1,0,1,1,0,1,1,0,0,2,1,0,1,2
638,1,0,1,1,0,1,1,1,0,2,1,0,1,2
639,0,1,1,1,0,1,1,1,0,1,1,0,1,2
640,0,1,1,1,0,1,1,2,0,2,1,0,1,0
641,0,1,1,1,0,1,1,0,0,2,1,0,1,2
642,0,2,0,0,0,0,1,0,1,2,1,0,1,1
643,1,5,1,1,0,1,1,2,1,2,1,0,1,0
644,0,1,1,1,0,1,1,0,1,2,1,0,1,1
645,1,1,1,1,0,1,1,1,0,1,1,0,1,2
646,0,4,2,0,0,0,1,1,0,2,0,0,1,1
647,0,4,2,0,1,0,1,1,0,2,1,0,1,2
648,0,3,2,1,0,1,1,1,0,2,1,1,1,0
649,0,2,1,0,0,1,1,0,1,2,1,0,1,2
650,1,1,1,0,0,0,1,0,0,1,1,0,1,1
651,0,4,2,0,1,0,1,1,0,2,1,0,1,2
652,0,2,0,0,1,0,1,0,0,2,0,0,1,1
653,1,3,2,0,0,1,1,0,0,2,1,0,1,1
654,0,3,2,1,1,1,0,0,1,2,2,1,0,1
655,0,1,1,1,0,1,1,2,0,1,1,0,1,2
656,0,1,1,0,0,1,1,0,1,2,1,0,1,0
657,1,2,0,1,0,1,1,0,1,2,1,0,1,1
658,1,2,2,1,1,1,1,0,0,1,1,0,1,1
659,1,2,2,0,0,1,1,0,1,2,1,1,1,1
660,0,1,1,1,0,1,1,0,1,2,1,0,1,2
661,1,0,1,1,0,1,1,1,0,2,1,0,1,2
662,0,1,1,1,0,1,1,0,0,1,1,0,1,1
663,0,1,1,1,0,1,1,0,0,1,1,0,1,2
664,0,3,2,1,0,0,1,0,0,2,1,0,1,2
665,1,2,2,1,1,0,1,0,0,1,2,1,1,2
666,0,1,1,1,0,1,1,0,1,2,1,0,1,1
667,1,1,1,0,0,1,1,2,1,2,1,0,1,2
668,0,4,2,0,1,1,1,0,1,2,0,0,0,1
669,0,1,1,1,0,1,1,2,0,1,1,0,1,2
670,1,2,0,1,0,0,1,0,1,2,1,0,1,1
671,1,3,2,0,0,0,1,0,1,2,1,0,1,1
672,1,2,1,1,0,1,1,0,1,2,1,0,1,1
673,0,3,2,1,1,1,1,0,1,2,1,0,0,2
674,1,2,2,0,0,1,1,0,1,2,1,1,1,1
675,0,3,2,0,0,0,1,0,0,2,0,0,1,2
676,0,3,2,1,1,0,1,0,0,1,1,1,0,2
677,0,0,1,1,0,1,1,1,0,2,1,0,1,1
678,1,0,1,1,0,1,1,1,0,2,1,0,1,2
679,0,3,2,1,1,1,1,0,0,2,1,0,1,2
680,0,3,2,1,1,1,1,0,1,2,2,0,0,1
681,1,5,1,1,0,1,1,1,0,1,1,0,1,0
682,1,3,2,1,0,0,1,0,1,2,1,0,1,2
683,0,4,2,1,0,1,1,0,1,2,1,1,1,2
684,0,1,1,0,0,0,1,1,0,1,0,0,1,1
685,1,2,0,1,0,0,1,0,1,2,1,0,1,1
686,0,1,1,0,0,1,1,0,1,2,1,0,1,2
687,0,3,2,1,1,1,0,1,1,1,2,0,1,1
688,0,2,1,0,0,1,1,0,1,2,1,0,1,2
689,0,3,2,1,1,1,0,1,1,2,1,1,0,0
690,0,4,2,1,1,1,1,0,1,2,2,0,0,2
691,0,1,1,1,1,1,1,0,0,1,1,0,1,2
692,0,3,2,1,1,1,1,0,1,2,2,1,0,2
693,1,0,1,1,0,1,1,0,1,2,1,0,1,2
694,0,3,2,1,1,1,1,0,0,1,2,1,1,1
695,1,1,1,1,0,1,1,0,0,2,2,0,1,2
696,1,5,1,0,0,0,1,0,0,1,0,0,1,1
697,0,3,2,1,1,1,1,0,1,1,2,1,0,1
698,1,0,1,1,0,1,1,0,0,2,1,0,1,2
699,1,2,0,1,0,1,1,0,1,2,1,0,1,1
700,1,0,1,1,0,1,1,0,0,2,1,0,1,2
701,1,2,0,0,0,0,1,0,0,2,1,0,1,1
702,1,1,1,0,0,0,1,0,0,1,1,0,1,1
703,1,0,1,0,0,1,1,2,0,2,1,1,1,1
704,1,1,1,1,0,1,1,1,0,1,1,0,1,1
705,1,3,2,1,1,0,0,0,1,2,1,1,0,2
706,1,2,0,1,0,1,1,0,1,2,2,0,1,2
707,1,0,1,1,0,1,1,1,0,2,1,0,1,2
708,0,3,2,1,0,1,0,0,0,1,1,1,1,2
709,0,2,0,0,1,1,1,0,0,2,1,0,1,2
710,0,2,0,0,0,1,1,0,1,2,1,0,1,1
711,0,3,0,0,1,0,1,1,0,2,0,0,1,1
712,0,2,0,0,1,1,1,0,0,2,1,1,1,1
713,0,1,1,1,0,1,1,1,0,2,1,0,1,2
714,1,4,2,0,0,1,1,0,1,2,0,0,1,1
715,1,1,1,1,0,0,0,0,0,1,0,0,1,1
716,1,1,1,1,0,1,1,2,1,1,1,0,1,0
717,1,4,2,0,0,1,1,0,0,2,0,0,1,1
718,0,1,1,1,0,1,1,0,0,1,1,0,1,2
719,0,3,2,0,1,1,1,0,0,1,1,1,1,2
720,1,0,1,1,0,1,1,0,0,2,1,0,1,2
721,1,2,0,0,0,0,0,0,0,2,1,0,1,2
722,0,3,2,1,1,0,0,1,0,1,2,1,1,2
723,1,1,1,1,0,1,1,1,0,1,1,0,1,1
724,1,2,0,1,0,1,0,0,1,2,1,0,1,1
725,0,2,1,0,0,1,1,0,1,2,1,0,1,2
726,1,2,2,1,1,0,1,0,0,1,2,1,1,2
727,1,1,1,1,1,1,1,0,0,1,1,0,1,2
728,0,1,1,1,0,1,1,1,0,1,1,0,1,1
729,1,0,1,1,0,1,1,1,0,2,1,0,1,2
730,1,3,2,1,1,1,1,0,1,1,2,1,1,2
731,1,2,2,1,1,0,0,1,0,1,1,1,1,2
732,1,1,1,1,0,1,1,0,0,2,1,0,1,2
733,0,3,2,1,1,1,0,1,1,2,1,1,0,0
734,1,0,1,1,0,1,1,1,0,2,1,0,1,2
735,0,1,1,1,0,1,1,2,1,2,1,0,1,0
736,1,2,1,1,0,1,1,0,0,2,0,0,1,1
737,0,3,2,1,1,1,1,0,1,2,1,0,0,2
738,1,0,1,1,0,1,1,0,0,2,1,0,1,2
739,0,4,2,0,0,0,1,1,0,2,0,0,1,1
740,0,2,0,0,1,1,1,0,1,2,1,1,2,2
741,0,1,1,1,1,1,1,1,0,2,1,0,1,2
742,0,3,2,1,1,1,1,0,1,2,1,0,1,1
743,1,2,2,1,1,1,1,0,0,1,1,0,1,1
744,1,2,0,0,0,0,0,0,0,1,1,0,1,2
745,0,3,2,0,0,1,1,0,1,2,0,0,1,1
746,0,2,0,0,0,1,1,0,1,1,1,1,1,2
747,0,2,1,0,0,1,1,0,1,2,1,0,1,2
748,0,3,2,1,0,1,1,1,0,2,1,1,1,0
749,0,3,2,1,1,0,0,1,0,1,2,1,1,2
750,1,1,1,1,0,1,1,0,0,2,1,0,1,2
751,0,3,2,0,0,0,1,0,0,2,0,0,1,2
752,0,1,1,1,0,1,0,0,1,2,1,0,1,2
753,0,3,2,0,0,0,1,0,0,1,1,0,1,1
754,1,3,2,1,0,1,1,0,1,0,2,0,1,2
755,0,1,1,1,0,1,1,0,1,2,0,0,1,1
756,0,2,2,0,0,1,1,0,1,1,1,1,0,2
757,0,3,2,0,1,1,1,0,1,1,1,0,1,1
758,1,0,1,1,0,1,1,0,0,2,1,0,1,2
759,0,3,0,0,0,0,1,0,0,2,0,0,1,1
760,0,2,0,0,0,0,1,0,1,2,1,0,1,1
761,1,3,2,0,0,0,1,0,1,2,1,0,1,1
762,1,3,2,1,1,1,1,2,1,2,2,0,0,2
763,1,2,2,1,1,1,1,0,0,1,1,0,1,1
764,0,3,2,1,1,1,1,0,1,2,1,0,0,2
765,0,1,1,1,0,1,1,0,0,1,1,0,1,2
766,1,2,1,1,0,1,1,0,1,2,0,0,1,1
767,1,1,1,1,0,1,1,0,0,2,1,0,1,2
768,0,2,0,0,1,1,1,0,1,2,0,0,1,2
769,1,2,0,1,0,1,1,0,1,2,2,0,1,0
770,0,1,1,1,0,1,1,0,0,2,1,0,1,2
771,1,3,2,1,0,1,1,0,1,2,2,0,0,2
772,1,3,2,1,1,0,0,1,1,0,2,1,2,1
773,1,2,0,1,0,1,0,0,1,2,1,0,1,1
774,0,3,2,1,1,1,0,1,1,1,2,0,1,1
775,1,2,0,1,0,1,1,0,1,2,2,0,1,2
776,0,1,1,1,0,1,1,0,0,1,1,0,1,2
777,1,3,2,0,0,1,1,0,1,2,0,0,1,1
778,1,5,1,1,0,1,1,1,0,1,1,0,1,1
779,1,0,1,1,0,1,1,0,1,2,1,0,1,2
780,0,3,2,1,1,0,1,0,1,2,2,1,0,2
781,1,1,1,1,0,1,1,0,0,1,1,0,1,2
782,0,1,1,1,0,1,1,0,0,2,1,0,1,1
783,0,3,2,1,1,1,1,0,1,2,1,0,0,2
784,0,3,2,1,0,0,1,1,0,2,1,1,1,1
785,0,3,2,1,1,1,1,0,1,2,1,0,0,2
786,1,2,0,1,0,1,0,0,1,2,1,0,1,1
787,1,2,0,0,0,0,0,0,0,1,1,0,1,2
788,0,5,1,1,0,1,1,2,1,2,2,0,1,0
789,1,3,2,1,0,1,1,0,1,2,2,0,0,2
790,1,4,2,0,0,0,1,1,0,2,1,0,1,1
791,0,1,1,1,0,1,1,0,0,2,1,0,1,2
792,1,1,1,0,0,0,1,0,0,1,0,0,1,1
793,1,1,1,1,0,0,0,0,0,1,0,0,1,1
794,0,3,2,0,0,0,0,0,0,2,1,0,1,1
795,1,2,0,1,0,0,1,0,0,1,1,0,1,2
796,0,3,2,1,1,1,0,0,0,1,2,1,1,2
797,0,3,2,0,0,1,1,0,0,2,2,0,1,2
798,1,0,1,1,0,1,1,0,0,2,1,0,1,2
799,1,3,2,1,0,1,1,0,1,2,2,0,0,2
800,1,2,2,1,1,1,1,0,1,2,1,0,0,2
801,0,1,1,1,0,1,1,0,1,2,1,0,1,2
802,0,1,1,1,0,1,0,0,1,2,1,0,0,1
803,1,0,1,1,0,1,1,0,0,2,1,0,1,2
804,0,3,2,0,0,1,1,0,0,1,1,1,1,1
805,0,5,1,0,0,0,1,0,0,1,0,0,1,1
806,1,1,1,0,0,1,1,2,1,2,1,0,1,2
807,1,1,1,1,0,1,1,0,0,2,1,0,1,2
808,0,3,2,1,0,1,1,0,1,2,2,0,2,2
809,0,3,2,1,1,1,1,0,1,2,1,0,0,2
810,0,4,2,0,1,1,1,2,1,2,1,0,0,0
811,1,2,0,1,0,1,1,0,1,2,2,0,1,2
812,1,2,0,1,0,1,0,0,1,2,2,0,1,2
813,0,3,2,0,1,0,0,0,0,1,1,0,1,1
814,0,1,1,1,0,1,1,2,0,1,1,0,1,0
815,1,1,1,0,0,0,1,0,0,1,1,0,1,1
816,0,2,1,0,0,1,1,2,0,2,1,0,1,2
817,0,1,1,1,0,1,1,1,0,1,1,0,1,1
818,1,2,0,0,0,0,1,0,0,2,0,0,1,1
819,0,1,1,0,0,0,1,1,0,1,0,0,1,1
820,1,0,1,1,0,1,1,1,0,2,1,0,1,2
821,1,5,1,1,0,1,1,0,0,1,1,0,1,2
822,0,1,1,1,0,1,1,0,0,2,1,0,1,0
823,0,3,2,1,0,1,1,0,1,2,2,0,2,2
824,1,2,2,1,1,1,1,0,0,1,1,0,1,1
825,0,1,1,1,1,1,1,0,0,1,1,0,1,2
826,0,3,2,1,1,1,1,0,1,2,1,0,0,2
827,1,3,2,1,1,0,0,0,1,2,1,1,0,2
828,0,3,2,1,1,0,1,0,1,2,2,1,0,2
829,0,2,1,0,0,1,1,2,0,2,1,0,1,2
830,0,2,0,0,0,1,0,0,0,2,1,0,1,1
831,0,1,1,1,0,0,1,0,0,1,1,0,1,1
832,0,1,1,1,1,1,1,0,0,1,1,0,1,2
833,0,1,1,1,0,1,1,0,0,2,1,0,1,2
834,1,3,2,1,1,1,1,0,1,1,2,1,0,1
835,0,1,1,1,0,1,1,0,0,1,1,0,1,2
836,1,0,1,1,0,1,1,1,0,2,1,0,1,2
837,0,2,0,0,0,1,1,0,1,2,2,0,1,2
838,0,3,2,0,0,0,1,0,0,2,1,0,1,2
839,1,5,1,1,0,1,1,1,0,1,1,0,1,1
840,1,0,1,1,0,1,1,0,1,2,1,0,1,2
841,1,2,0,1,0,1,1,0,1,2,2,0,1,0
842,1,1,1,1,0,1,1,1,0,1,1,0,1,1
843,0,2,2,0,0,1,1,0,1,1,1,1,0,2
844,0,1,1,1,0,1,1,0,0,2,1,0,1,0
845,0,1,1,1,0,1,1,0,0,2,1,0,1,2
846,1,3,2,1,0,1,1,0,1,2,2,0,2,2
847,1,2,0,1,0,0,1,0,1,2,1,0,1,1
848,1,5,1,1,0,1,1,1,0,1,1,0,1,0
849,1,1,1,1,1,1,1,0,0,1,1,0,1,2
850,1,1,1,1,0,1,1,0,0,1,1,0,1,2
851,1,2,0,0,0,0,0,0,0,1,1,0,1,1
852,0,1,1,1,0,1,1,0,0,1,1,0,1,2
853,1,1,1,1,0,1,1,1,0,1,1,0,1,1
854,1,2,1,0,0,1,1,0,0,2,1,0,1,1
855,1,3,0,0,0,0,0,0,0,2,0,0,1,1
856,1,1,1,0,0,1,1,0,1,1,1,0,1,1
857,1,2,0,0,0,0,0,0,0,1,1,0,1,2
858,0,4,2,0,0,1,1,0,1,2,1,0,1,2
859,1,2,0,1,0,1,0,0,1,2,1,0,1,1
860,0,3,2,1,0,1,1,0,0,2,0,0,1,1
861,0,3,2,1,0,0,1,0,1,2,0,0,1,2
862,1,4,2,0,0,0,1,1,0,2,1,0,1,1
863,1,5,1,0,0,0,1,0,0,1,0,0,1,1
864,1,3,2,1,0,0,1,0,1,2,0,0,1,1
865,1,0,1,1,0,1,1,1,0,2,1,0,1,2
866,0,1,1,1,0,1,1,0,0,1,1,0,1,1
867,1,2,2,1,1,0,1,0,0,1,2,1,1,2
868,1,1,1,1,0,1,1,1,0,1,1,0,1,2
869,1,5,1,1,0,1,1,0,0,1,1,0,1,2
870,0,2,0,0,0,1,1,0,1,2,2,0,1,2
871,0,3,2,1,0,1,1,0,1,2,2,0,2,2
872,0,2,1,0,0,1,1,0,1,2,1,0,1,2
873,1,2,1,1,0,1,1,1,0,1,0,0,1,1
874,1,2,0,0,0,1,1,0,1,2,1,0,1,2
875,1,3,2,1,1,1,1,0,1,2,1,1,1,2
876,0,1,1,1,0,1,1,0,0,1,1,0,1,2
877,1,2,0,1,0,0,1,0,1,2,1,0,1,1
878,0,1,1,1,0,1,1,0,0,1,1,0,1,1
879,0,1,1,1,0,1,1,0,0,2,1,0,1,2
880,1,3,2,1,0,1,1,0,1,2,2,0,2,2
881,1,1,1,0,0,1,1,2,1,2,1,0,1,1
882,0,1,1,1,0,1,1,0,0,1,1,0,1,1
883,1,1,1,1,0,1,1,1,0,2,2,0,1,2
884,0,3,2,1,1,1,1,0,1,2,1,0,0,2
885,0,2,1,0,0,1,1,2,0,2,1,0,1,2
886,1,0,1,1,0,1,1,1,0,2,1,0,1,2
887,0,3,2,1,1,1,0,0,0,1,2,1,1,2
888,1,2,2,1,1,1,1,0,1,2,1,1,0,2
889,0,4,2,1,1,0,0,0,0,1,1,0,1,2
890,0,2,2,0,0,1,1,0,1,1,1,1,0,2
891,1,2,0,1,0,1,1,0,1,2,1,0,0,2
892,1,1,1,1,0,1,1,1,1,1,1,0,1,2
893,1,1,1,1,0,1,1,0,0,1,1,0,1,2
894,1,5,1,1,0,1,1,1,0,1,1,0,1,1
895,1,3,2,1,1,0,0,0,1,2,1,1,0,2
896,1,3,2,1,1,1,0,0,1,2,1,0,1,1
897,0,2,1,0,0,1,1,2,0,2,1,0,1,2
898,0,3,2,1,1,1,1,0,1,2,2,0,0,1
899,0,3,2,1,1,1,1,0,1,2,1,0,0,2
900,1,2,0,1,0,1,1,0,1,2,1,0,0,2
901,0,3,2,1,0,0,1,0,0,2,1,1,1,2
902,0,1,1,1,0,1,1,0,1,2,1,0,1,1
903,1,2,0,1,0,1,1,0,0,1,1,1,1,2
904,0,1,1,1,0,1,1,0,0,2,1,0,1,0
905,0,5,1,1,0,1,1,2,1,2,2,0,1,0
906,1,1,1,0,0,1,1,0,1,1,1,0,1,1
907,1,0,1,1,0,1,1,1,0,2,1,0,1,2
908,0,5,1,1,0,1,1,2,1,2,1,0,1,2
909,0,1,1,1,0,1,1,0,1,2,0,0,1,1
910,1,1,1,1,0,1,1,0,0,2,1,0,1,2
911,0,2,2,0,0,1,1,0,1,2,2,1,0,1
912,0,3,0,0,1,1,1,0,0,2,1,0,1,2
913,1,0,1,1,0,1,1,1,0,2,1,0,1,2
914,1,5,1,1,0,1,1,1,0,1,1,0,1,1
915,0,3,0,0,1,1,1,0,0,2,1,0,1,2
916,1,0,1,1,0,1,1,0,0,2,1,0,1,2
917,0,4,2,0,1,0,1,1,0,2,1,0,1,2
918,0,3,2,1,1,1,0,1,1,2,1,1,0,0
919,0,1,1,1,0,1,1,0,0,2,1,0,1,2
920,0,1,1,1,0,1,1,0,0,1,1,0,1,2
921,1,1,1,1,0,1,1,0,0,1,1,0,1,2
922,0,3,2,1,1,1,1,0,1,1,1,0,0,2
923,0,2,0,0,1,0,1,0,0,2,0,0,1,1
924,1,3,2,1,0,1,1,0,1,1,1,1,1,0
925,1,3,0,0,1,1,1,0,0,2,1,0,1,2
926,0,3,2,0,1,1,1,0,0,1,1,0,1,1
927,1,0,1,1,0,1,1,1,0,2,1,0,1,2
928,0,5,1,1,0,1,1,0,0,1,1,0,1,1
929,1,1,1,0,0,1,1,2,1,2,1,0,1,2
930,1,1,1,1,1,1,1,0,0,1,1,0,1,2
931,0,1,1,1,0,1,1,0,0,1,1,0,1,2
932,1,1,1,1,0,1,1,1,0,1,1,0,1,1
933,0,3,2,1,1,1,0,1,1,1,2,0,0,2
934,0,5,1,0,0,0,0,0,0,0,0,0,1,1
935,0,2,0,0,1,1,1,0,1,2,1,1,2,2
936,0,3,2,1,0,1,1,2,1,2,2,0,2,0
937,1,1,1,1,0,1,1,1,0,1,1,0,1,1
938,1,1,1,1,0,1,1,0,0,1,1,0,1,2
939,1,5,1,1,0,1,1,2,1,2,1,0,1,0
940,0,1,1,1,0,1,1,0,0,1,1,0,1,1
941,0,3,2,0,0,0,1,0,0,1,1,0,1,1
942,1,2,0,1,0,0,1,0,1,2,1,0,1,1
943,0,1,1,1,0,1,1,0,0,2,1,0,1,0
944,0,3,2,1,1,1,1,0,1,2,2,1,0,2
945,0,2,0,1,0,1,1,0,1,2,1,0,1,2
946,0,2,0,1,0,1,1,0,1,2,1,0,1,2
947,1,0,1,1,0,1,1,0,0,2,1,0,1,2
948,0,2,0,0,0,0,1,0,1,2,1,0,1,1
949,0,3,2,1,0,0,1,0,1,2,0,0,1,2
950,0,3,2,1,1,1,0,1,1,1,2,0,1,1
951,0,3,2,1,1,1,1,0,1,2,2,0,0,1
952,0,2,0,0,0,1,1,0,1,1,1,1,1,2
953,0,2,1,0,0,1,1,0,1,2,1,0,1,2
954,1,5,1,1,0,1,1,0,1,1,1,0,1,0
955,0,1,1,0,0,0,1,0,0,1,0,0,1,1
956,0,1,1,1,0,1,1,0,0,2,1,0,1,0
957,0,3,2,0,0,0,1,0,0,2,1,0,1,2
958,0,5,1,1,0,1,1,0,0,1,1,0,1,1
959,1,3,2,1,0,1,1,0,1,2,2,0,2,2
960,1,2,2,0,0,1,1,0,1,2,1,1,1,1
961,0,3,2,1,0,1,1,0,1,2,2,0,2,2
962,0,3,2,1,1,1,1,2,1,2,1,1,0,0
963,1,3,2,1,0,0,1,0,1,2,1,0,1,2
964,1,2,0,1,0,1,0,0,1,2,2,0,1,2
965,0,2,0,0,0,1,1,0,1,2,2,0,1,2
966,0,3,2,1,0,1,1,0,0,2,0,0,1,1
967,0,3,2,1,1,1,1,0,1,2,1,0,1,1
968,1,0,1,1,0,1,1,1,0,2,1,0,1,2
969,0,4,2,0,1,0,1,1,0,2,1,0,1,2
970,1,1,1,0,0,1,1,2,1,2,1,0,1,2
971,1,1,1,1,0,0,0,0,0,1,0,0,1,1
972,1,4,2,0,0,1,1,0,1,2,0,0,1,1
973,0,2,1,0,0,1,1,2,0,2,1,0,1,2
974,0,3,2,0,0,1,1,0,0,1,1,1,1,1
975,1,1,1,1,0,1,1,0,0,2,1,0,1,2
976,0,2,0,1,0,1,1,0,1,2,1,0,1,2
977,0,5,1,0,0,1,1,0,0,2,0,0,1,1
978,0,5,1,0,0,0,0,0,0,0,0,0,1,1
979,1,0,1,1,0,1,1,0,0,2,1,0,1,2
980,1,1,1,1,0,1,1,0,0,2,1,0,1,2
981,1,0,1,1,0,1,1,0,0,2,1,0,1,2
982,0,3,2,0,1,0,0,0,0,1,1,0,1,1
983,0,2,0,0,0,1,1,0,1,1,1,1,1,2
984,1,3,0,0,0,0,0,0,0,1,0,0,1,1
985,0,1,1,1,1,1,1,0,0,1,1,0,1,2
986,0,1,1,1,1,1,1,0,0,2,1,0,1,2
987,0,1,1,1,0,1,1,0,0,2,1,0,1,0
988,0,3,2,0,0,1,1,0,0,2,0,0,1,1
989,0,4,2,0,0,0,1,1,0,2,0,0,1,1
990,1,3,2,1,0,1,0,1,1,2,2,0,1,1
991,0,1,1,1,0,1,0,0,1,2,1,0,0,1
992,1,2,0,0,0,0,1,0,0,2,0,0,1,1
993,0,2,2,0,0,1,1,0,1,2,2,1,0,1
994,0,1,1,1,0,1,1,1,0,1,1,0,1,1
995,1,2,1,0,0,0,1,2,0,2,1,0,1,0
996,0,3,2,1,0,1,1,0,0,2,0,0,1,1
997,1,0,1,1,0,1,1,0,0,2,1,0,1,2
998,1,1,1,0,0,1,1,2,1,2,1,0,1,1
999,0,2,2,0,0,0,1,1,0,2,1,0,1,2
1000,0,1,1,1,0,1,0,1,1,2,0,0,1,1
1001,1,2,0,1,0,0,0,0,1,2,2,0,1,2
1002,0,3,2,1,1,1,0,1,0,1,1,1,1,2
1003,1,1,1,1,0,1,1,0,0,2,1,0,1,2
1004,0,1,1,1,0,1,1,0,0,2,1,0,1,2
1005,0,1,1,1,1,1,1,0,0,1,1,0,1,2
1006,1,3,2,1,0,1,1,2,1,2,2,0,0,2
1007,1,3,2,1,0,1,0,0,0,2,1,1,1,2
1008,1,0,1,1,0,1,1,1,0,2,1,0,1,2
1009,0,1,1,1,0,1,0,1,1,2,0,0,1,1
1010,0,3,2,1,1,1,1,0,1,2,2,1,0,2
1011,1,1,1,1,1,1,1,0,0,1,1,0,1,2
1012,1,3,2,0,0,0,1,0,0,0,1,0,1,1
1013,1,4,2,0,0,1,1,0,1,2,1,0,1,1
1014,1,2,0,0,0,0,1,0,0,2,0,0,1,1
1015,0,2,0,1,0,1,1,0,1,2,1,0,1,2
1016,0,2,0,0,0,0,0,0,0,1,1,0,1,1
1017,1,0,1,1,0,1,1,0,0,2,1,0,1,2
1018,1,2,0,0,0,0,1,0,0,2,0,0,1,1
1019,0,1,1,1,0,1,1,2,0,1,1,0,1,2
1020,0,3,2,1,0,1,1,0,1,2,2,0,2,2
1021,0,3,2,1,1,0,1,0,0,1,1,1,0,2
1022,1,1,1,1,0,1,1,0,0,2,2,0,1,2
1023,0,3,2,0,0,1,1,0,0,2,0,0,1,1
1024,0,3,2,1,1,1,1,0,1,2,1,0,0,2
1025,0,4,2,0,0,0,1,0,0,2,1,0,1,0
1026,0,1,1,1,0,1,0,0,1,2,1,0,0,1
1027,1,2,1,1,0,1,1,0,0,2,0,0,1,1
1028,1,2,0,0,0,0,0,0,0,1,1,0,1,1
1029,1,2,0,1,0,1,1,0,1,2,2,0,1,2
1030,1,1,1,0,0,1,1,0,1,1,1,0,1,1
1031,1,5,1,1,0,1,1,0,1,1,1,0,1,0
1032,1,2,0,1,0,0,1,0,1,2,1,0,1,1
1033,0,1,1,1,0,1,1,0,0,2,1,0,1,0
1034,1,3,2,1,1,1,1,2,1,2,2,0,0,2
1035,1,3,2,1,0,0,1,0,1,2,0,0,1,1
1036,0,0,1,1,0,1,1,0,1,2,1,0,1,1
1037,0,3,2,1,1,1,1,0,1,2,1,1,1,2
1038,1,2,0,0,0,1,1,0,0,1,1,0,1,1
1039,1,1,1,1,0,1,1,2,1,1,1,0,1,0
1040,0,1,1,1,0,1,0,1,1,2,0,0,1,1
1041,1,3,2,1,0,1,1,0,1,2,2,0,2,2
1042,0,3,2,1,0,1,0,0,0,1,1,1,1,2
1043,0,3,2,0,1,0,0,0,0,1,1,0,1,1
1044,1,2,0,1,0,1,0,0,1,2,2,0,1,2
1045,0,3,2,0,1,1,1,0,0,1,1,0,0,1
1046,0,3,2,1,0,1,1,0,1,2,2,0,2,2
1047,1,0,1,1,0,1,1,0,0,2,1,0,1,2
1048,0,1,1,1,0,1,1,0,0,2,1,0,1,2
1049,1,1,1,1,0,1,1,1,0,1,1,0,1,2
1050,1,1,1,1,0,1,1,0,0,2,1,0,1,2
1051,0,3,2,1,1,1,1,0,1,1,1,1,1,2
1052,1,1,1,0,0,1,1,2,1,2,1,0,1,2
1053,0,1,1,1,0,1,0,1,1,2,0,0,1,1
1054,0,0,1,0,0,0,1,0,0,2,0,0,1,1
1055,1,1,1,0,0,0,1,0,0,1,1,0,1,1
1056,1,3,2,1,0,1,1,2,1,2,2,0,2,2
1057,0,2,0,0,0,1,1,0,1,2,1,0,1,1
1058,1,3,2,1,1,1,1,2,1,2,2,0,0,2
1059,0,1,1,1,0,1,0,1,1,2,0,0,1,1
1060,0,4,2,0,0,0,1,1,0,2,0,0,1,1
1061,0,3,2,1,1,0,1,0,0,1,1,1,0,2
1062,0,3,2,1,1,1,1,0,1,1,1,0,0,2
1063,1,2,0,1,0,1,1,0,1,2,1,0,0,2
1064,0,1,1,1,0,1,1,0,0,1,1,0,1,2
1065,0,4,2,0,1,1,1,2,1,2,1,0,0,0
1066,0,1,1,0,0,0,1,0,0,1,0,0,1,1
1067,0,3,2,0,0,0,0,0,1,2,0,0,1,1
1068,0,3,2,1,1,1,0,0,0,1,2,1,1,2
1069,1,3,2,1,1,1,1,0,1,1,2,1,1,2
1070,1,2,2,1,1,1,1,0,1,2,1,0,0,2
1071,0,1,1,1,0,1,1,0,0,2,1,0,1,0
1072,0,1,1,0,0,1,1,0,1,2,1,0,1,0
1073,1,3,2,0,0,1,1,0,1,1,0,1,1,1
1074,1,1,1,1,1,1,1,0,0,1,1,0,1,2
1075,0,3,2,1,1,1,0,0,1,2,2,1,0,1
1076,0,1,1,1,0,1,1,0,0,2,1,0,1,0
1077,0,2,0,0,0,1,0,0,0,2,1,0,1,2
1078,1,1,1,1,0,1,1,0,0,1,1,0,1,2
1079,0,2,0,0,0,0,0,1,0,0,1,0,1,1
1080,1,2,0,1,0,0,1,0,0,1,2,1,1,1
1081,0,2,0,0,0,1,1,0,1,2,2,0,1,2
1082,0,3,2,1,0,0,1,0,1,2,0,0,1,2
1083,0,1,1,1,0,1,1,0,0,2,1,0,1,2
1084,1,2,2,1,1,0,0,1,0,1,1,1,1,2
1085,0,5,1,1,0,1,1,2,1,2,1,0,1,2
1086,0,2,0,0,1,0,1,0,0,2,0,0,1,1
1087,0,3,2,1,1,1,1,0,0,2,1,0,1,2
1088,0,3,2,0,0,1,1,0,0,2,0,0,1,1
1089,1,2,0,0,0,0,0,0,0,1,1,0,1,1
1090,0,1,1,1,0,1,1,0,0,1,1,0,1,2
1091,0,1,1,1,0,1,1,1,0,1,1,0,1,1
1092,1,2,0,1,0,0,1,0,0,1,2,1,1,1
1093,0,2,1,0,0,1,1,0,1,2,1,0,1,2
1094,1,2,0,1,0,0,1,0,0,2,1,0,1,1
1095,1,3,2,1,1,1,1,2,1,2,2,0,0,0
1096,1,3,2,1,1,1,0,0,1,1,2,1,1,2
1097,0,3,2,1,1,1,1,2,1,2,2,0,1,1
1098,1,2,0,1,0,0,0,0,1,2,2,0,1,2
1099,1,1,1,1,0,1,1,1,1,1,1,0,1,2
1100,0,1,1,1,0,1,0,1,1,2,0,0,1,1
1101,1,1,1,1,0,1,1,0,0,2,1,0,1,2
1102,1,2,0,0,0,1,1,0,1,2,1,0,1,2
1103,1,1,1,1,1,1,1,0,0,1,1,0,1,2
1104,0,1,1,1,0,1,1,2,0,1,1,0,1,2
1105,0,2,1,0,0,0,1,0,1,2,1,0,1,2
1106,1,5,1,1,0,1,1,0,1,1,1,0,1,0
1107,1,1,1,1,0,1,1,1,0,1,1,0,1,2
1108,0,5,1,1,0,1,1,0,0,1,1,0,1,1
1109,0,1,1,1,0,1,1,1,0,2,2,0,1,2
1110,0,2,0,0,0,1,1,0,1,1,1,1,1,2
1111,0,2,0,0,0,0,0,1,0,1,1,0,1,2
1112,0,1,1,1,0,0,1,0,0,1,1,0,1,1
1113,0,1,1,1,0,1,1,1,0,1,1,0,1,1
1114,1,1,1,1,0,1,1,2,1,1,1,0,1,0
1115,1,1,1,1,0,1,1,1,0,1,1,0,1,1
1116,0,2,0,0,0,1,0,0,0,2,1,0,1,2
1117,1,3,2,0,0,1,1,0,0,2,1,1,1,2
1118,1,2,0,1,0,0,0,0,1,2,2,0,1,2
1119,1,1,1,1,1,1,1,0,0,1,1,0,1,2
1120,1,1,1,1,0,1,1,0,0,2,1,0,1,2
1121,0,1,1,1,0,1,1,0,0,2,1,0,1,2
1122,0,2,1,0,0,1,1,0,1,2,1,0,1,2
1123,0,2,0,0,1,1,1,0,1,2,1,1,2,2
1124,0,3,2,1,1,0,0,0,0,1,2,0,0,1
1125,1,1,1,0,0,1,1,2,1,2,1,0,1,2
1126,0,3,2,1,1,0,0,0,0,1,2,0,0,1
1127,0,5,1,0,0,1,1,0,0,2,0,0,1,1
1128,0,1,1,1,0,1,1,0,1,2,1,0,1,2
1129,0,1,1,1,0,1,1,1,0,1,1,0,1,2
1130,0,1,1,1,0,1,0,1,1,2,1,0,1,1
1131,1,2,0,1,0,1,1,0,1,2,1,0,1,1
1132,0,2,0,0,0,1,1,0,0,1,1,0,1,2
1133,1,1,1,1,0,1,1,0,0,2,1,0,1,2
1134,1,2,0,1,0,1,0,0,1,2,1,0,1,1
1135,1,2,2,1,1,1,1,0,1,2,1,0,0,2
1136,1,3,2,1,0,1,1,0,1,2,2,0,0,2
1137,1,3,2,1,0,0,1,0,1,2,1,0,1,2
1138,1,3,2,1,1,0,1,0,0,1,1,1,1,2
1139,0,3,2,0,0,1,1,0,1,2,0,0,1,1
1140,1,3,2,1,1,0,1,0,0,1,1,1,1,2
1141,0,1,1,1,0,1,1,2,0,1,1,0,1,0
1142,1,2,1,0,0,1,1,0,0,2,1,0,1,1
1143,1,2,0,1,0,0,1,0,0,1,2,1,1,1
1144,0,2,0,0,0,0,1,0,1,2,1,0,1,1
1145,0,2,0,0,1,1,1,0,1,2,1,1,2,2
1146,0,3,2,1,0,1,1,0,1,2,2,0,0,2
1147,1,1,1,1,0,1,1,0,0,2,1,0,1,2
1148,0,2,0,0,0,1,0,0,0,2,1,0,1,2
1149,1,2,0,1,0,0,1,0,0,1,1,1,1,1
1150,1,2,0,0,0,0,1,0,0,2,1,0,1,1
1151,1,1,1,0,0,1,1,0,1,2,1,0,1,1
1152,1,0,1,1,0,1,1,0,0,2,1,0,1,2
1153,1,1,1,1,1,1,1,0,0,2,1,0,1,2
1154,0,3,2,1,1,0,0,0,0,1,2,0,0,1
1155,1,0,1,1,0,1,1,1,0,2,1,0,1,2
1156,0,2,0,0,1,1,1,0,1,2,0,0,1,2
1157,0,4,2,0,1,1,1,2,1,2,1,0,0,0
1158,1,3,2,0,0,0,1,0,0,0,1,0,1,1
1159,0,1,1,1,0,1,1,1,0,1,1,0,1,2
1160,0,3,2,1,1,0,0,0,0,1,1,1,1,2
1161,1,1,1,0,0,0,1,0,0,1,1,0,1,1
1162,1,2,2,1,1,0,0,1,0,1,1,1,1,2
1163,0,1,1,1,0,1,1,0,0,2,2,0,1,2
1164,0,1,1,1,0,1,1,0,0,2,2,0,1,2
1165,0,3,2,1,1,0,0,0,0,1,1,1,1,2
1166,1,1,1,1,0,1,1,0,1,2,1,0,0,2
1167,1,3,2,0,0,1,1,0,0,2,1,0,1,1
1168,0,3,2,1,1,0,1,0,1,2,2,1,0,2
1169,1,2,0,1,0,0,1,0,0,1,2,1,1,1
1170,0,3,2,1,1,0,0,1,0,1,2,1,1,2
1171,0,4,2,0,1,1,1,2,1,2,1,0,1,0
1172,0,3,2,0,0,0,0,0,0,2,1,0,1,1
1173,1,2,0,0,0,0,1,0,0,2,1,0,1,1
1174,0,3,2,0,0,1,1,0,0,2,2,0,1,2
1175,1,1,1,1,0,1,1,1,0,1,1,0,1,1
1176,0,4,2,0,1,1,1,2,1,2,1,0,0,0
1177,0,5,1,0,0,0,1,0,0,1,0,0,1,1
1178,0,1,1,1,0,1,1,0,0,2,1,0,1,2
1179,1,1,1,1,0,1,1,2,1,1,1,0,1,0
1180,0,0,1,0,0,0,1,0,0,2,0,0,1,1
1181,0,2,0,0,1,1,1,0,0,2,1,1,1,1
1182,0,3,2,1,1,0,1,0,0,1,1,1,0,2
1183,1,2,0,0,0,0,0,1,0,2,0,0,1,1
1184,0,1,1,1,0,1,1,0,0,1,1,0,1,2
1185,1,1,1,1,0,1,1,1,0,1,1,0,1,1
1186,0,1,1,1,0,1,1,0,0,1,1,0,1,2
1187,1,2,0,1,0,0,1,0,1,2,1,0,1,1
1188,0,5,1,1,0,1,1,2,1,2,1,0,1,2
1189,1,3,2,1,1,1,0,0,1,2,1,0,1,1
1190,0,4,2,1,1,1,1,0,1,1,1,1,1,2
1191,0,1,1,1,0,1,1,0,0,1,1,0,1,2
1192,0,2,0,0,0,0,1,0,1,2,1,0,1,1
1193,0,3,2,1,1,1,0,1,1,2,1,1,0,0
1194,0,1,1,1,0,0,1,0,0,1,1,0,1,1
1195,0,3,2,1,1,1,0,1,1,2,1,1,0,0
1196,0,2,0,0,0,0,0,0,0,1,1,0,1,1
1197,0,3,2,1,1,1,1,0,0,2,2,0,0,2
1198,0,2,0,0,1,0,1,0,0,2,0,0,1,1
1199,0,3,2,1,1,1,1,0,1,2,2,0,0,1
1200,1,2,0,1,0,1,1,0,1,2,1,0,1,1
1201,1,2,0,1,0,0,0,0,1,2,2,0,1,2
1202,0,1,1,1,0,1,1,0,0,1,1,0,1,2
1203,1,2,0,1,0,0,1,0,1,2,1,0,1,1
1204,1,1,1,1,0,1,1,1,0,1,1,0,1,2
